client_id,session_id,value,transaction_id,event_name,source,event_timestamp,event_date
0d883573-792,1696240536,"294,1",952647f7-bd11-44,compra,google,02/10/2023 09:55:36,2023-10-02
7a84e6ba-a7f,1697093129,,,pageview,google,12/10/2023 06:45:29,2023-10-12
2b4ce72f-65c,1697099234,"309,84",4a901389-fd91-46,compra,facebook,12/10/2023 08:27:14,2023-10-12
ff5d673f-11a,1696684683,,,pageview,tiktok,07/10/2023 13:18:03,2023-10-07
54ba552b-034,1697105487,,,pageview,google,12/10/2023 10:11:27,2023-10-12
50de0afc-770,1698586573,"191,62",fda3fa14-14a8-49,compra,facebook,29/10/2023 13:36:13,2023-10-29
e0432ecd-4d7,1697484744,,,pageview,facebook,16/10/2023 19:32:24,2023-10-16
47a6d42b-44e,1696848576,,,pageview,tiktok,09/10/2023 10:49:36,2023-10-09
645aac93-97a,1697647856,,,pageview,google,18/10/2023 16:50:56,2023-10-18
c9b8dd77-2ab,1697448589,,,pageview,google,16/10/2023 09:29:49,2023-10-16
b59cb03e-cc8,1696965771,,,pageview,facebook,10/10/2023 19:22:51,2023-10-10
6c7a73fe-84c,1697921384,,,pageview,facebook,21/10/2023 20:49:44,2023-10-21
f91da3c2-abf,1698643563,"371,43",c3085eed-dede-48,compra,dv360,30/10/2023 05:26:03,2023-10-30
b0c95262-75d,1696186950,,,pageview,facebook,01/10/2023 19:02:30,2023-10-01
281b0768-7be,1698461545,,,pageview,facebook,28/10/2023 02:52:25,2023-10-28
258ecef9-c95,1697955006,,,pageview,google,22/10/2023 06:10:06,2023-10-22
208ac293-aec,1697551352,,,pageview,tiktok,17/10/2023 14:02:32,2023-10-17
67b67719-efe,1698047478,"254,95",37010fe6-be90-48,compra,dv360,23/10/2023 07:51:18,2023-10-23
435c7439-d88,1696199929,"128,42",0ca0e382-9b6f-49,compra,dv360,01/10/2023 22:38:49,2023-10-01
780e8711-5d0,1696395870,,,pageview,facebook,04/10/2023 05:04:30,2023-10-04
ba78d379-e25,1696256399,,,pageview,google,02/10/2023 14:19:59,2023-10-02
e94dfad9-85d,1698445020,,,pageview,tiktok,27/10/2023 22:17:00,2023-10-27
15a4fb94-247,1697504006,,,pageview,google,17/10/2023 00:53:26,2023-10-17
4db02b6d-7c8,1697810116,,,pageview,tiktok,20/10/2023 13:55:16,2023-10-20
5a55c390-b5c,1696470139,"74,68",19bd4fcf-6ff1-49,compra,google,05/10/2023 01:42:19,2023-10-05
8cafe5c3-66c,1698525803,,,pageview,dv360,28/10/2023 20:43:23,2023-10-28
6c07b579-a1a,1697691238,,,pageview,google,19/10/2023 04:53:58,2023-10-19
69da036a-7fe,1698510538,,,pageview,tiktok,28/10/2023 16:28:58,2023-10-28
6b0a8397-25b,1696680327,,,pageview,google,07/10/2023 12:05:27,2023-10-07
20b8f117-7fc,1696977866,,,pageview,google,10/10/2023 22:44:26,2023-10-10
fc63bd3a-76e,1698347675,,,pageview,dv360,26/10/2023 19:14:35,2023-10-26
8a885f98-777,1697132532,,,pageview,google,12/10/2023 17:42:12,2023-10-12
886d4ca4-538,1698118347,,,pageview,tiktok,24/10/2023 03:32:27,2023-10-24
b8a83da2-ea9,1698216702,,,pageview,google,25/10/2023 06:51:42,2023-10-25
c786c3fe-2f0,1698018561,,,pageview,dv360,22/10/2023 23:49:21,2023-10-22
0c4b6f03-900,1697470638,,,pageview,google,16/10/2023 15:37:18,2023-10-16
b68b7155-02c,1697613988,,,pageview,facebook,18/10/2023 07:26:28,2023-10-18
a0cf3399-8c8,1698016647,"456,05",87e49527-ab63-4c,compra,dv360,22/10/2023 23:17:27,2023-10-22
a97dc672-ea5,1698581569,,,pageview,facebook,29/10/2023 12:12:49,2023-10-29
e96dc165-7dc,1697619538,,,pageview,google,18/10/2023 08:58:58,2023-10-18
41b178d2-4e6,1698047271,,,pageview,dv360,23/10/2023 07:47:51,2023-10-23
fe4ea2f6-ab9,1698058477,,,pageview,facebook,23/10/2023 10:54:37,2023-10-23
857e8e75-52a,1698117204,,,pageview,google,24/10/2023 03:13:24,2023-10-24
2e720f46-288,1696548789,,,pageview,dv360,05/10/2023 23:33:09,2023-10-05
bbf1968d-75f,1697564632,,,pageview,facebook,17/10/2023 17:43:52,2023-10-17
e713c180-600,1697102259,"279,54",33b3fefb-1bd7-46,compra,tiktok,12/10/2023 09:17:39,2023-10-12
95e5a08f-b3d,1696320869,,,pageview,dv360,03/10/2023 08:14:29,2023-10-03
c01e2ddc-f02,1696727891,,,pageview,facebook,08/10/2023 01:18:11,2023-10-08
dd99b1da-5db,1697687496,"117,8",18320f45-6ced-44,compra,google,19/10/2023 03:51:36,2023-10-19
f20b9ab7-454,1698117784,,,pageview,dv360,24/10/2023 03:23:04,2023-10-24
85fb4f68-cc5,1697299875,"382,09",b5df4e0e-21bd-46,compra,facebook,14/10/2023 16:11:15,2023-10-14
59367837-230,1697523299,,,pageview,tiktok,17/10/2023 06:14:59,2023-10-17
67c84309-d4b,1697259461,"109,32",dec9caf7-534b-48,compra,facebook,14/10/2023 04:57:41,2023-10-14
152f0e92-bea,1696174883,"15,57",f0916baa-ced8-48,compra,dv360,01/10/2023 15:41:23,2023-10-01
96e9f404-23d,1698612061,,,pageview,tiktok,29/10/2023 20:41:01,2023-10-29
21db411e-ebb,1697861470,,,pageview,dv360,21/10/2023 04:11:10,2023-10-21
8083c5fd-e2d,1696966999,,,pageview,facebook,10/10/2023 19:43:19,2023-10-10
788259bb-ff1,1696255979,"208,66",0d4af9fb-e9fa-41,compra,facebook,02/10/2023 14:12:59,2023-10-02
ea8eb455-a78,1696756118,,,pageview,google,08/10/2023 09:08:38,2023-10-08
32b65829-185,1697979172,,,pageview,facebook,22/10/2023 12:52:52,2023-10-22
db95bbf5-653,1696420630,,,pageview,dv360,04/10/2023 11:57:10,2023-10-04
6b3ec7a0-038,1698507529,"276,13",8ebc7aa7-3d36-47,compra,google,28/10/2023 15:38:49,2023-10-28
8167fada-027,1698541390,,,pageview,dv360,29/10/2023 01:03:10,2023-10-29
b50feeab-6ee,1696885037,"199,18",73a7f245-f9f1-49,compra,google,09/10/2023 20:57:17,2023-10-09
cce384c3-26a,1696637641,,,pageview,facebook,07/10/2023 00:14:01,2023-10-07
0aa66aa6-458,1698566891,,,pageview,tiktok,29/10/2023 08:08:11,2023-10-29
e221dc23-df7,1698659674,,,pageview,facebook,30/10/2023 09:54:34,2023-10-30
1919de7e-2fd,1698665201,"206,1",8278fc98-a854-4b,compra,google,30/10/2023 11:26:41,2023-10-30
a18ba502-02f,1698485289,,,pageview,google,28/10/2023 09:28:09,2023-10-28
66662fcf-a68,1697550413,,,pageview,facebook,17/10/2023 13:46:53,2023-10-17
d7c21d44-e4f,1696392279,,,pageview,google,04/10/2023 04:04:39,2023-10-04
36a6c22b-121,1698466222,,,pageview,facebook,28/10/2023 04:10:22,2023-10-28
a61da19e-859,1697069524,,,pageview,facebook,12/10/2023 00:12:04,2023-10-12
c09a296b-ac8,1697248605,,,pageview,dv360,14/10/2023 01:56:45,2023-10-14
464a1d84-503,1697352020,,,pageview,google,15/10/2023 06:40:20,2023-10-15
13d3b2b8-b48,1696934281,"129,29",e3ca2d8a-4bed-48,compra,google,10/10/2023 10:38:01,2023-10-10
8ebe7fe5-954,1697635062,,,pageview,tiktok,18/10/2023 13:17:42,2023-10-18
4077981f-493,1697666424,"423,45",2ace88f8-579a-4e,compra,dv360,18/10/2023 22:00:24,2023-10-18
42399e4e-a34,1696678115,,,pageview,tiktok,07/10/2023 11:28:35,2023-10-07
76cc0916-ffb,1696339812,,,pageview,dv360,03/10/2023 13:30:12,2023-10-03
c6da51ff-8f2,1698263370,"73,86",3166bce0-5d1f-44,compra,dv360,25/10/2023 19:49:30,2023-10-25
9462ac0e-c2f,1697541466,,,pageview,facebook,17/10/2023 11:17:46,2023-10-17
99f07fc8-d5d,1697216034,,,pageview,facebook,13/10/2023 16:53:54,2023-10-13
eba734b7-29a,1696469839,,,pageview,tiktok,05/10/2023 01:37:19,2023-10-05
08e77657-8de,1696871248,,,pageview,facebook,09/10/2023 17:07:28,2023-10-09
413190c1-94e,1697752147,"450,82",91d4e777-d819-44,compra,facebook,19/10/2023 21:49:07,2023-10-19
91ff7e01-b18,1698477624,"299,75",44345299-338d-4c,compra,facebook,28/10/2023 07:20:24,2023-10-28
b852abdd-fca,1697723385,,,pageview,tiktok,19/10/2023 13:49:45,2023-10-19
cc3cc10f-42c,1696139224,,,pageview,dv360,01/10/2023 05:47:04,2023-10-01
c0d85d87-3c9,1696637058,"193,54",43301954-1fe4-48,compra,google,07/10/2023 00:04:18,2023-10-07
639d1b65-028,1697601739,"408,26",87066ae5-bd96-4e,compra,google,18/10/2023 04:02:19,2023-10-18
9bf77ac6-d91,1698392005,"333,63",bfd9e708-c8f8-4c,compra,facebook,27/10/2023 07:33:25,2023-10-27
17adb1fe-1c2,1697872776,,,pageview,tiktok,21/10/2023 07:19:36,2023-10-21
0820c1a4-5d3,1697354061,,,pageview,google,15/10/2023 07:14:21,2023-10-15
70680cf2-c53,1696885766,,,pageview,dv360,09/10/2023 21:09:26,2023-10-09
9b4a0677-137,1697346592,,,pageview,facebook,15/10/2023 05:09:52,2023-10-15
058d21be-a6e,1696120423,,,pageview,dv360,01/10/2023 00:33:43,2023-10-01
d3980a6f-f92,1697989606,"216,91",defce2eb-b4e9-45,compra,facebook,22/10/2023 15:46:46,2023-10-22
b5195338-9ee,1698349805,,,pageview,google,26/10/2023 19:50:05,2023-10-26
dc8a8d17-b0a,1698075629,,,pageview,tiktok,23/10/2023 15:40:29,2023-10-23
163fce15-b47,1698520800,"482,25",91c92a56-30a6-4d,compra,google,28/10/2023 19:20:00,2023-10-28
7c92a9c1-c11,1698264287,,,pageview,dv360,25/10/2023 20:04:47,2023-10-25
9d5b238d-8f5,1698704256,,,pageview,facebook,30/10/2023 22:17:36,2023-10-30
72a0d0f2-8c9,1696387455,,,pageview,dv360,04/10/2023 02:44:15,2023-10-04
efd3ca85-28f,1697805822,,,pageview,google,20/10/2023 12:43:42,2023-10-20
72dc985a-504,1698344452,,,pageview,facebook,26/10/2023 18:20:52,2023-10-26
82901b09-ad6,1697760540,,,pageview,facebook,20/10/2023 00:09:00,2023-10-20
40987b52-1d3,1696264666,,,pageview,facebook,02/10/2023 16:37:46,2023-10-02
2ab7faf9-c1b,1697716903,,,pageview,facebook,19/10/2023 12:01:43,2023-10-19
bb078fa6-59b,1698365052,"355,15",6561fb68-d68e-4b,compra,google,27/10/2023 00:04:12,2023-10-27
d3eacf93-69a,1697495870,,,pageview,facebook,16/10/2023 22:37:50,2023-10-16
77496681-060,1697180821,,,pageview,facebook,13/10/2023 07:07:01,2023-10-13
e6ee9188-0be,1698190894,,,pageview,facebook,24/10/2023 23:41:34,2023-10-24
8d213965-ecf,1697648080,,,pageview,tiktok,18/10/2023 16:54:40,2023-10-18
ac17cd56-5b6,1696989050,,,pageview,dv360,11/10/2023 01:50:50,2023-10-11
7ee9fb21-95b,1697106611,"116,14",72f46e0b-888d-48,compra,dv360,12/10/2023 10:30:11,2023-10-12
254e0ea0-4bf,1697858733,,,pageview,google,21/10/2023 03:25:33,2023-10-21
1b1b229b-8a8,1698275111,,,pageview,google,25/10/2023 23:05:11,2023-10-25
afe2869e-0d4,1696395649,,,pageview,google,04/10/2023 05:00:49,2023-10-04
6f942bfb-3bd,1697263056,,,pageview,facebook,14/10/2023 05:57:36,2023-10-14
78d89ab3-c86,1697511020,,,pageview,tiktok,17/10/2023 02:50:20,2023-10-17
3d4d6001-2b0,1697590199,,,pageview,google,18/10/2023 00:49:59,2023-10-18
a5556338-a6a,1697903316,,,pageview,google,21/10/2023 15:48:36,2023-10-21
ecf76cce-c7b,1696445398,,,pageview,dv360,04/10/2023 18:49:58,2023-10-04
3b7b9579-9ee,1697923590,,,pageview,google,21/10/2023 21:26:30,2023-10-21
6835cceb-823,1697477751,"129,01",c274ebc8-9275-42,compra,facebook,16/10/2023 17:35:51,2023-10-16
ff91ece5-3d1,1697231572,"240,49",5c85a43f-b536-4c,compra,facebook,13/10/2023 21:12:52,2023-10-13
85474580-98a,1698637307,"161,16",3fd31309-c141-4c,compra,tiktok,30/10/2023 03:41:47,2023-10-30
f5695cc9-59b,1698680726,,,pageview,google,30/10/2023 15:45:26,2023-10-30
052faf0d-6ab,1697432803,,,pageview,tiktok,16/10/2023 05:06:43,2023-10-16
7bb583e4-3a3,1698302956,"118,15",026df301-1b1e-46,compra,tiktok,26/10/2023 06:49:16,2023-10-26
c9bee33e-898,1697590201,,,pageview,facebook,18/10/2023 00:50:01,2023-10-18
6636f35c-d01,1697936422,,,pageview,google,22/10/2023 01:00:22,2023-10-22
c256a580-890,1698462508,,,pageview,tiktok,28/10/2023 03:08:28,2023-10-28
d607ca6e-4f3,1696938856,"459,93",a26757f0-3113-47,compra,tiktok,10/10/2023 11:54:16,2023-10-10
cb9f1e59-b4e,1697352352,,,pageview,google,15/10/2023 06:45:52,2023-10-15
efb9df84-631,1696697224,,,pageview,google,07/10/2023 16:47:04,2023-10-07
566518ea-e1c,1698474071,,,pageview,dv360,28/10/2023 06:21:11,2023-10-28
5948f752-c61,1698301570,,,pageview,dv360,26/10/2023 06:26:10,2023-10-26
b8c4650d-a9d,1696954536,"113,03",caad059e-a7cf-4a,compra,google,10/10/2023 16:15:36,2023-10-10
623bdcdf-1fc,1696220580,"14,27",c64a3e07-f6d9-40,compra,facebook,02/10/2023 04:23:00,2023-10-02
c6e227cc-d72,1697297446,,,pageview,facebook,14/10/2023 15:30:46,2023-10-14
5be34d16-1e4,1696749919,"32,25",46a733d8-06db-49,compra,dv360,08/10/2023 07:25:19,2023-10-08
1865c2a3-310,1696477385,,,pageview,tiktok,05/10/2023 03:43:05,2023-10-05
33ab1a5d-54c,1698004879,,,pageview,dv360,22/10/2023 20:01:19,2023-10-22
2e6dc5f9-9fc,1697012373,"389,13",fa486d65-c48d-4c,compra,facebook,11/10/2023 08:19:33,2023-10-11
2b3dab8d-7e7,1698602209,,,pageview,facebook,29/10/2023 17:56:49,2023-10-29
9f3dfc06-a0b,1696429476,,,pageview,facebook,04/10/2023 14:24:36,2023-10-04
d082f881-e4d,1697652638,,,pageview,facebook,18/10/2023 18:10:38,2023-10-18
a36b39d1-ea5,1698103154,,,pageview,google,23/10/2023 23:19:14,2023-10-23
dbd66e65-100,1697273514,,,pageview,tiktok,14/10/2023 08:51:54,2023-10-14
170d51a3-3e4,1698007425,,,pageview,google,22/10/2023 20:43:45,2023-10-22
f3e33ed9-481,1697406230,"272,21",c70a6864-dc58-42,compra,google,15/10/2023 21:43:50,2023-10-15
e4b4db91-fa6,1696427601,,,pageview,dv360,04/10/2023 13:53:21,2023-10-04
8f8cf9c7-7b6,1698236353,,,pageview,google,25/10/2023 12:19:13,2023-10-25
8373f425-70e,1697482067,,,pageview,tiktok,16/10/2023 18:47:47,2023-10-16
b396e7d9-c0a,1698300979,,,pageview,google,26/10/2023 06:16:19,2023-10-26
01a2844f-843,1697672575,,,pageview,facebook,18/10/2023 23:42:55,2023-10-18
5d64aa50-2d3,1697092840,,,pageview,facebook,12/10/2023 06:40:40,2023-10-12
fac2ea6f-b1f,1697308815,,,pageview,tiktok,14/10/2023 18:40:15,2023-10-14
ae2f5a0a-ba4,1697645573,"479,64",36faa341-1cc0-41,compra,dv360,18/10/2023 16:12:53,2023-10-18
aa0bf57f-62e,1697903205,,,pageview,dv360,21/10/2023 15:46:45,2023-10-21
869c4380-314,1696310659,,,pageview,facebook,03/10/2023 05:24:19,2023-10-03
df6b888c-418,1697820640,"102,58",af48996c-94aa-4d,compra,facebook,20/10/2023 16:50:40,2023-10-20
6c02ff14-f43,1696571222,"479,74",02b6c54a-ded9-43,compra,google,06/10/2023 05:47:02,2023-10-06
ffbd49e4-d16,1697616094,"349,85",9a0d55ce-ee96-44,compra,dv360,18/10/2023 08:01:34,2023-10-18
edacfce6-934,1696151299,,,pageview,tiktok,01/10/2023 09:08:19,2023-10-01
3f73bc9e-17c,1698609280,,,pageview,dv360,29/10/2023 19:54:40,2023-10-29
c403000d-087,1697963096,,,pageview,facebook,22/10/2023 08:24:56,2023-10-22
9ecb0ceb-893,1697619798,,,pageview,tiktok,18/10/2023 09:03:18,2023-10-18
0cd4d21e-b92,1697229065,"299,31",9d4ba4d7-4d09-4b,compra,dv360,13/10/2023 20:31:05,2023-10-13
872bbe80-126,1698244739,,,pageview,facebook,25/10/2023 14:38:59,2023-10-25
758564f2-6d3,1697186387,,,pageview,facebook,13/10/2023 08:39:47,2023-10-13
bed2a42f-1fd,1696985126,,,pageview,google,11/10/2023 00:45:26,2023-10-11
0ad732ac-b39,1696442673,,,pageview,google,04/10/2023 18:04:33,2023-10-04
e571e364-e24,1696933134,"205,42",2b4b9baf-edee-42,compra,google,10/10/2023 10:18:54,2023-10-10
99c062a5-a4b,1696602639,,,pageview,facebook,06/10/2023 14:30:39,2023-10-06
89720175-432,1696532904,,,pageview,dv360,05/10/2023 19:08:24,2023-10-05
ba3173d6-152,1697720837,"411,06",d91157e6-6ae7-40,compra,google,19/10/2023 13:07:17,2023-10-19
fe7b5caa-552,1697773364,"207,42",64577c50-2113-40,compra,dv360,20/10/2023 03:42:44,2023-10-20
e4729dbf-29f,1697107100,,,pageview,tiktok,12/10/2023 10:38:20,2023-10-12
c7b8d45b-d05,1698503316,"306,16",13183ed5-2533-42,compra,facebook,28/10/2023 14:28:36,2023-10-28
8f893bc1-989,1698446772,,,pageview,google,27/10/2023 22:46:12,2023-10-27
e644ec07-142,1698415425,,,pageview,google,27/10/2023 14:03:45,2023-10-27
d43377be-90e,1698242155,"307,7",8b6250f5-b7fb-43,compra,facebook,25/10/2023 13:55:55,2023-10-25
5426c741-566,1698545010,,,pageview,tiktok,29/10/2023 02:03:30,2023-10-29
30c8405b-235,1696854846,,,pageview,facebook,09/10/2023 12:34:06,2023-10-09
c4b1164b-137,1698492645,,,pageview,facebook,28/10/2023 11:30:45,2023-10-28
ec06e17e-294,1698601277,,,pageview,facebook,29/10/2023 17:41:17,2023-10-29
12fc40a4-1c8,1698313176,,,pageview,dv360,26/10/2023 09:39:36,2023-10-26
18d1e4da-341,1698396715,,,pageview,tiktok,27/10/2023 08:51:55,2023-10-27
f4d4f59b-ae5,1697136310,,,pageview,tiktok,12/10/2023 18:45:10,2023-10-12
dbc0043c-c30,1697597104,,,pageview,google,18/10/2023 02:45:04,2023-10-18
de61bef5-e66,1696632650,,,pageview,google,06/10/2023 22:50:50,2023-10-06
ee944018-eae,1697362897,,,pageview,google,15/10/2023 09:41:37,2023-10-15
3ea1f085-ee3,1696135374,"476,14",f2b301e2-b474-4a,compra,tiktok,01/10/2023 04:42:54,2023-10-01
a1e3fb7c-7a5,1698438183,,,pageview,dv360,27/10/2023 20:23:03,2023-10-27
a7d70fe2-a77,1696755782,,,pageview,google,08/10/2023 09:03:02,2023-10-08
925ac300-9cf,1697079340,"197,13",a9c404e5-c18b-41,compra,google,12/10/2023 02:55:40,2023-10-12
48eaf9fd-646,1698654472,,,pageview,google,30/10/2023 08:27:52,2023-10-30
eba300aa-cb9,1696481418,,,pageview,tiktok,05/10/2023 04:50:18,2023-10-05
f656c7b9-2cb,1698579383,,,pageview,dv360,29/10/2023 11:36:23,2023-10-29
aab2b979-b71,1697452915,,,pageview,google,16/10/2023 10:41:55,2023-10-16
64cf8508-667,1696709769,"402,99",9f5b8d86-1731-49,compra,dv360,07/10/2023 20:16:09,2023-10-07
63a2bec7-b3d,1697184153,"94,15",f3b79dcc-7f64-47,compra,google,13/10/2023 08:02:33,2023-10-13
d2d41504-a86,1697931694,"430,22",5f3d510d-c51b-43,compra,google,21/10/2023 23:41:34,2023-10-21
05dc72d8-353,1696870458,,,pageview,google,09/10/2023 16:54:18,2023-10-09
ed608698-b4a,1697884662,"175,78",6d89b61d-edb5-49,compra,google,21/10/2023 10:37:42,2023-10-21
6e0cef59-1cb,1697820349,,,pageview,google,20/10/2023 16:45:49,2023-10-20
cdcdc871-bd2,1697478614,,,pageview,dv360,16/10/2023 17:50:14,2023-10-16
208ca639-3e9,1697730739,,,pageview,dv360,19/10/2023 15:52:19,2023-10-19
469284ca-6a3,1696521265,"362,49",f76b7539-42de-4a,compra,dv360,05/10/2023 15:54:25,2023-10-05
0e1aa02f-1a1,1698079323,"153,09",59ac8073-e101-44,compra,google,23/10/2023 16:42:03,2023-10-23
8ecad780-ff9,1697313225,,,pageview,tiktok,14/10/2023 19:53:45,2023-10-14
73defe1c-701,1697677656,"35,43",23896163-7c53-4a,compra,google,19/10/2023 01:07:36,2023-10-19
cca528be-5f3,1697787151,,,pageview,dv360,20/10/2023 07:32:31,2023-10-20
475bf3f5-d20,1696299208,"458,07",ca5fdccd-f2d3-4d,compra,facebook,03/10/2023 02:13:28,2023-10-03
7f3067c9-e55,1696982408,,,pageview,google,11/10/2023 00:00:08,2023-10-11
3f066a18-2f6,1698145808,"335,52",dc80177b-f673-4a,compra,dv360,24/10/2023 11:10:08,2023-10-24
6e367e1b-694,1697721928,,,pageview,facebook,19/10/2023 13:25:28,2023-10-19
3a3892df-e62,1696933691,,,pageview,facebook,10/10/2023 10:28:11,2023-10-10
4a9d4b9c-226,1698348685,"144,46",7a356c77-636b-49,compra,google,26/10/2023 19:31:25,2023-10-26
d97b7d44-6cf,1697688744,,,pageview,dv360,19/10/2023 04:12:24,2023-10-19
1697f71f-246,1697585998,,,pageview,dv360,17/10/2023 23:39:58,2023-10-17
28aa3793-774,1697214032,,,pageview,google,13/10/2023 16:20:32,2023-10-13
376935e7-ac9,1697881321,,,pageview,facebook,21/10/2023 09:42:01,2023-10-21
eb1a0aba-57f,1696985006,"254,72",74e58b78-12b4-47,compra,google,11/10/2023 00:43:26,2023-10-11
de53d9a0-fd4,1698048206,"14,2",e30bb693-f04a-4f,compra,dv360,23/10/2023 08:03:26,2023-10-23
ca7603af-6c0,1696503266,,,pageview,google,05/10/2023 10:54:26,2023-10-05
eeb6fdda-048,1696819779,"255,32",ab5a5c9a-2edd-45,compra,google,09/10/2023 02:49:39,2023-10-09
83bfda7a-a5d,1697199501,,,pageview,facebook,13/10/2023 12:18:21,2023-10-13
d7f46f2f-2ca,1697076644,,,pageview,google,12/10/2023 02:10:44,2023-10-12
0f606f9d-6ad,1698108492,,,pageview,facebook,24/10/2023 00:48:12,2023-10-24
b0ad3282-167,1697444093,"14,56",c1dd02b9-2ef7-45,compra,facebook,16/10/2023 08:14:53,2023-10-16
d6d48421-430,1696181305,,,pageview,facebook,01/10/2023 17:28:25,2023-10-01
8a457141-740,1697636032,,,pageview,facebook,18/10/2023 13:33:52,2023-10-18
5dd44175-7cc,1696216415,,,pageview,tiktok,02/10/2023 03:13:35,2023-10-02
fdfd3c7d-e03,1696484231,,,pageview,dv360,05/10/2023 05:37:11,2023-10-05
53d075d9-787,1696288070,,,pageview,google,02/10/2023 23:07:50,2023-10-02
2f574212-63e,1696391769,,,pageview,google,04/10/2023 03:56:09,2023-10-04
11f2f771-8cf,1697520323,,,pageview,facebook,17/10/2023 05:25:23,2023-10-17
c45386cc-f26,1696653942,,,pageview,facebook,07/10/2023 04:45:42,2023-10-07
9abc17cf-d32,1697592061,,,pageview,google,18/10/2023 01:21:01,2023-10-18
7796f6fa-437,1696667696,,,pageview,google,07/10/2023 08:34:56,2023-10-07
687faad7-060,1698456929,,,pageview,dv360,28/10/2023 01:35:29,2023-10-28
13f4a26d-13b,1698482303,,,pageview,google,28/10/2023 08:38:23,2023-10-28
88f28c15-2b9,1698604244,,,pageview,facebook,29/10/2023 18:30:44,2023-10-29
349bbc3d-0a2,1696950397,,,pageview,facebook,10/10/2023 15:06:37,2023-10-10
4720e1db-e09,1698192682,,,pageview,dv360,25/10/2023 00:11:22,2023-10-25
0a5ad484-569,1697533070,"132,95",50349dab-1266-4a,compra,facebook,17/10/2023 08:57:50,2023-10-17
d93a7a5f-73d,1698374422,,,pageview,facebook,27/10/2023 02:40:22,2023-10-27
d2c7150d-d5b,1697845634,"278,62",31489a74-a1c6-47,compra,dv360,20/10/2023 23:47:14,2023-10-20
7943480f-61a,1697375933,"0,31",33636c15-792e-43,compra,google,15/10/2023 13:18:53,2023-10-15
bccbbf99-3a3,1697278893,,,pageview,tiktok,14/10/2023 10:21:33,2023-10-14
81a2ec51-30d,1697083086,"396,76",848805a9-f221-4c,compra,google,12/10/2023 03:58:06,2023-10-12
e9a2b1df-a15,1697639319,,,pageview,google,18/10/2023 14:28:39,2023-10-18
e0be9086-1ff,1698284600,"380,36",85c72c11-e24b-4a,compra,facebook,26/10/2023 01:43:20,2023-10-26
61fc379c-f5f,1696477494,,,pageview,google,05/10/2023 03:44:54,2023-10-05
79e39ab5-df4,1698462430,"453,06",eb4c5ad9-208c-49,compra,dv360,28/10/2023 03:07:10,2023-10-28
cfb9c4e8-bff,1698593917,,,pageview,facebook,29/10/2023 15:38:37,2023-10-29
1ca3fdf3-b4d,1696696270,,,pageview,google,07/10/2023 16:31:10,2023-10-07
e22d4d18-e8a,1696630888,,,pageview,facebook,06/10/2023 22:21:28,2023-10-06
3280a94c-625,1698398435,,,pageview,tiktok,27/10/2023 09:20:35,2023-10-27
74ce634e-6b9,1697599220,,,pageview,dv360,18/10/2023 03:20:20,2023-10-18
fc617d86-2ec,1696969165,,,pageview,facebook,10/10/2023 20:19:25,2023-10-10
69c6ae55-e52,1696866342,,,pageview,google,09/10/2023 15:45:42,2023-10-09
4521e3eb-435,1698077060,"76,01",46d1aa9a-eecd-40,compra,google,23/10/2023 16:04:20,2023-10-23
8a8eb2a1-22d,1697615499,,,pageview,google,18/10/2023 07:51:39,2023-10-18
47f8821b-fa4,1698468105,,,pageview,tiktok,28/10/2023 04:41:45,2023-10-28
34948863-c07,1696586488,,,pageview,dv360,06/10/2023 10:01:28,2023-10-06
ef637535-e55,1697351589,,,pageview,facebook,15/10/2023 06:33:09,2023-10-15
f80c8181-5b6,1697180226,,,pageview,facebook,13/10/2023 06:57:06,2023-10-13
644ff037-60e,1697026138,,,pageview,google,11/10/2023 12:08:58,2023-10-11
223257e9-863,1698572798,,,pageview,google,29/10/2023 09:46:38,2023-10-29
58cf1ab0-e11,1697941748,,,pageview,tiktok,22/10/2023 02:29:08,2023-10-22
7a447b03-815,1697969291,,,pageview,tiktok,22/10/2023 10:08:11,2023-10-22
237f7835-c7f,1696223831,,,pageview,facebook,02/10/2023 05:17:11,2023-10-02
4c2a78b1-fab,1698052797,"107,88",464e02d3-e92c-43,compra,facebook,23/10/2023 09:19:57,2023-10-23
84913e4c-d79,1696763001,"196,63",a126383a-7555-4a,compra,facebook,08/10/2023 11:03:21,2023-10-08
ddd6bc1d-759,1696285347,,,pageview,tiktok,02/10/2023 22:22:27,2023-10-02
e132912a-249,1697800827,,,pageview,tiktok,20/10/2023 11:20:27,2023-10-20
d0282e28-0a3,1697655523,"159,98",8d65c3c1-6f42-4d,compra,google,18/10/2023 18:58:43,2023-10-18
5ecc06eb-5ec,1696692617,,,pageview,dv360,07/10/2023 15:30:17,2023-10-07
35c260e7-085,1698104107,,,pageview,google,23/10/2023 23:35:07,2023-10-23
f8fdea6d-cc5,1696979809,,,pageview,facebook,10/10/2023 23:16:49,2023-10-10
015bb636-193,1698230319,"59,44",c204faaf-0c35-4e,compra,dv360,25/10/2023 10:38:39,2023-10-25
59ecc428-ecf,1698385190,"61,3",896175ae-2505-48,compra,google,27/10/2023 05:39:50,2023-10-27
d97927c3-6b5,1698579645,,,pageview,google,29/10/2023 11:40:45,2023-10-29
a20e63ce-b15,1697228051,,,pageview,google,13/10/2023 20:14:11,2023-10-13
d3fc9b9b-cfc,1697914733,,,pageview,tiktok,21/10/2023 18:58:53,2023-10-21
53ba1c8f-d9f,1697536216,"307,47",c6b09ac5-3185-42,compra,google,17/10/2023 09:50:16,2023-10-17
659a0f78-271,1696377005,,,pageview,facebook,03/10/2023 23:50:05,2023-10-03
2964c8db-6eb,1696211611,,,pageview,facebook,02/10/2023 01:53:31,2023-10-02
d26c69e1-afb,1697351032,,,pageview,facebook,15/10/2023 06:23:52,2023-10-15
697da7c8-9dc,1698132024,"198,09",e09245c9-bbd4-47,compra,tiktok,24/10/2023 07:20:24,2023-10-24
ff39a228-6b8,1696963418,,,pageview,google,10/10/2023 18:43:38,2023-10-10
70ef8a19-357,1697799603,,,pageview,facebook,20/10/2023 11:00:03,2023-10-20
250f9532-b1a,1698018096,,,pageview,google,22/10/2023 23:41:36,2023-10-22
adedd0d5-c66,1697508194,"115,06",527e4a85-d691-4f,compra,google,17/10/2023 02:03:14,2023-10-17
678e039f-a8e,1697617572,"421,45",a3540513-6c3c-4a,compra,google,18/10/2023 08:26:12,2023-10-18
abd1ed8f-302,1696263454,,,pageview,facebook,02/10/2023 16:17:34,2023-10-02
3bf5b3f0-2be,1697564478,,,pageview,google,17/10/2023 17:41:18,2023-10-17
6a975e6b-040,1698448414,,,pageview,facebook,27/10/2023 23:13:34,2023-10-27
7e53c8f4-e78,1697450877,,,pageview,tiktok,16/10/2023 10:07:57,2023-10-16
d3b71d48-c97,1698615294,,,pageview,tiktok,29/10/2023 21:34:54,2023-10-29
30ff6d30-b2c,1697385926,"443,86",a43a9b5f-578c-44,compra,facebook,15/10/2023 16:05:26,2023-10-15
3abb653b-cdc,1696419371,,,pageview,google,04/10/2023 11:36:11,2023-10-04
74124873-369,1696162137,,,pageview,google,01/10/2023 12:08:57,2023-10-01
ed91f6c8-f3e,1697451464,,,pageview,facebook,16/10/2023 10:17:44,2023-10-16
62c580d5-e57,1698081241,,,pageview,tiktok,23/10/2023 17:14:01,2023-10-23
c90e2b2d-545,1697590378,,,pageview,facebook,18/10/2023 00:52:58,2023-10-18
2a079094-7d3,1696877280,"420,82",0be391fc-952a-4c,compra,dv360,09/10/2023 18:48:00,2023-10-09
7028e9fa-fd3,1698205570,,,pageview,tiktok,25/10/2023 03:46:10,2023-10-25
dbcaac1f-e49,1697664457,,,pageview,tiktok,18/10/2023 21:27:37,2023-10-18
5f0b0cc0-4a1,1696712255,,,pageview,google,07/10/2023 20:57:35,2023-10-07
8c98d763-6f0,1696564668,,,pageview,facebook,06/10/2023 03:57:48,2023-10-06
f0980b54-374,1696980505,,,pageview,facebook,10/10/2023 23:28:25,2023-10-10
dbbebe4e-ce6,1697666369,"287,6",e56a50bf-050e-49,compra,google,18/10/2023 21:59:29,2023-10-18
fcf69e9f-955,1696938628,,,pageview,tiktok,10/10/2023 11:50:28,2023-10-10
11fef709-a2a,1698190719,,,pageview,dv360,24/10/2023 23:38:39,2023-10-24
682aabea-d19,1697328218,,,pageview,dv360,15/10/2023 00:03:38,2023-10-15
c0120468-c69,1696655522,,,pageview,tiktok,07/10/2023 05:12:02,2023-10-07
cea7e0fa-052,1696650531,,,pageview,facebook,07/10/2023 03:48:51,2023-10-07
1e94f6fd-655,1697333967,"209,06",ab5a3da6-9dee-4c,compra,google,15/10/2023 01:39:27,2023-10-15
255a139d-f8c,1697381804,,,pageview,tiktok,15/10/2023 14:56:44,2023-10-15
4cd78dd6-171,1696162486,,,pageview,tiktok,01/10/2023 12:14:46,2023-10-01
12e98c81-a66,1698665823,"473,69",87076bd3-6921-44,compra,google,30/10/2023 11:37:03,2023-10-30
e31e65c0-c02,1696876894,,,pageview,facebook,09/10/2023 18:41:34,2023-10-09
04eb09da-fc9,1697203330,"331,2",b84338ef-9da8-43,compra,facebook,13/10/2023 13:22:10,2023-10-13
7a1d26e0-6a8,1697576011,,,pageview,tiktok,17/10/2023 20:53:31,2023-10-17
bf2f475b-512,1696517246,,,pageview,dv360,05/10/2023 14:47:26,2023-10-05
003a815b-1d6,1697772735,,,pageview,facebook,20/10/2023 03:32:15,2023-10-20
3340af0d-220,1697991585,,,pageview,dv360,22/10/2023 16:19:45,2023-10-22
861cb1a7-7b7,1697327339,"14,33",c1be4d1d-1ba2-41,compra,google,14/10/2023 23:48:59,2023-10-14
91a1d4e9-4ac,1697301578,"95,53",79056b1a-9f2c-49,compra,google,14/10/2023 16:39:38,2023-10-14
c5ec1119-8d6,1698005068,,,pageview,tiktok,22/10/2023 20:04:28,2023-10-22
548d66c5-b68,1697786324,"47,21",71ec32d0-2f9a-46,compra,google,20/10/2023 07:18:44,2023-10-20
78b6d401-c10,1697375167,"48,28",4e8f2be0-bc36-47,compra,google,15/10/2023 13:06:07,2023-10-15
646ae889-d9e,1696925048,,,pageview,facebook,10/10/2023 08:04:08,2023-10-10
acf5e055-d25,1697870335,,,pageview,facebook,21/10/2023 06:38:55,2023-10-21
e427d0ab-d9f,1696378707,,,pageview,facebook,04/10/2023 00:18:27,2023-10-04
b036c986-792,1696321806,,,pageview,google,03/10/2023 08:30:06,2023-10-03
6263b69f-7df,1696423721,,,pageview,tiktok,04/10/2023 12:48:41,2023-10-04
2884fc1b-e6e,1697074128,,,pageview,dv360,12/10/2023 01:28:48,2023-10-12
a2b89645-1b5,1697267342,,,pageview,facebook,14/10/2023 07:09:02,2023-10-14
399e72df-e54,1697383319,,,pageview,facebook,15/10/2023 15:21:59,2023-10-15
52d278ba-a15,1696912926,,,pageview,tiktok,10/10/2023 04:42:06,2023-10-10
c8a33c03-f91,1698389215,,,pageview,facebook,27/10/2023 06:46:55,2023-10-27
ca17f173-154,1696589438,,,pageview,dv360,06/10/2023 10:50:38,2023-10-06
7a62bc79-312,1697371234,,,pageview,dv360,15/10/2023 12:00:34,2023-10-15
597a61ea-1b5,1697703356,,,pageview,dv360,19/10/2023 08:15:56,2023-10-19
580d2acb-a1b,1697675721,,,pageview,tiktok,19/10/2023 00:35:21,2023-10-19
015bbe34-75a,1698673112,,,pageview,google,30/10/2023 13:38:32,2023-10-30
13c68ff7-11c,1696840944,"306,07",f5fd205b-bec9-4a,compra,facebook,09/10/2023 08:42:24,2023-10-09
788ddf5f-e35,1697612984,,,pageview,tiktok,18/10/2023 07:09:44,2023-10-18
d400420b-a9d,1697942525,,,pageview,google,22/10/2023 02:42:05,2023-10-22
27e4e09f-27f,1698602068,,,pageview,facebook,29/10/2023 17:54:28,2023-10-29
1a112424-4db,1698088806,,,pageview,facebook,23/10/2023 19:20:06,2023-10-23
62c1382c-b3d,1697182346,"17,6",3daaabcd-c374-4a,compra,facebook,13/10/2023 07:32:26,2023-10-13
9d3809ea-3a7,1697846391,,,pageview,tiktok,20/10/2023 23:59:51,2023-10-20
79eca58b-d3e,1697871751,,,pageview,facebook,21/10/2023 07:02:31,2023-10-21
648d520f-8fe,1696183261,,,pageview,google,01/10/2023 18:01:01,2023-10-01
7386b02a-ba0,1698653124,,,pageview,google,30/10/2023 08:05:24,2023-10-30
1f80cf55-709,1697048025,"165,46",5ef16571-f814-47,compra,facebook,11/10/2023 18:13:45,2023-10-11
1f1f2f92-236,1696704679,,,pageview,tiktok,07/10/2023 18:51:19,2023-10-07
9019bee3-ff8,1696284877,,,pageview,facebook,02/10/2023 22:14:37,2023-10-02
720b3503-07a,1698072680,,,pageview,facebook,23/10/2023 14:51:20,2023-10-23
01003eba-aa6,1698447760,"478,38",49c169ad-e405-42,compra,facebook,27/10/2023 23:02:40,2023-10-27
cb948346-37f,1697065125,,,pageview,tiktok,11/10/2023 22:58:45,2023-10-11
d8c59550-8e4,1697944402,,,pageview,google,22/10/2023 03:13:22,2023-10-22
d363ba17-c1d,1697363432,,,pageview,facebook,15/10/2023 09:50:32,2023-10-15
ea3ad4f6-2fc,1696251728,"383,7",c976acf4-2597-4c,compra,dv360,02/10/2023 13:02:08,2023-10-02
ee093716-12f,1696942592,,,pageview,facebook,10/10/2023 12:56:32,2023-10-10
03b18392-da4,1698444776,"377,15",a37aa87b-9619-47,compra,google,27/10/2023 22:12:56,2023-10-27
9ecc67c9-8b3,1697344461,"269,45",36c0c04c-9450-44,compra,google,15/10/2023 04:34:21,2023-10-15
86cf9d20-92b,1697448291,,,pageview,facebook,16/10/2023 09:24:51,2023-10-16
dbff783b-7ca,1698266609,"323,95",c0b85779-d2ae-46,compra,google,25/10/2023 20:43:29,2023-10-25
9e4bec43-186,1696787105,,,pageview,google,08/10/2023 17:45:05,2023-10-08
b8e11a12-17a,1698308054,,,pageview,facebook,26/10/2023 08:14:14,2023-10-26
8dfad231-297,1697017326,,,pageview,facebook,11/10/2023 09:42:06,2023-10-11
5db4bbaf-2b5,1696166433,"170,11",d68097a4-9e0b-48,compra,google,01/10/2023 13:20:33,2023-10-01
871be4dc-a2b,1696816034,"156,67",4fa76e40-bbc4-49,compra,google,09/10/2023 01:47:14,2023-10-09
34f2a9b1-b7f,1698270867,"451,97",243b9068-af8d-4e,compra,tiktok,25/10/2023 21:54:27,2023-10-25
7c8f5ed2-243,1696396766,227,6196df31-d2b0-45,compra,tiktok,04/10/2023 05:19:26,2023-10-04
38b9321e-049,1697913036,,,pageview,google,21/10/2023 18:30:36,2023-10-21
3f44509c-049,1696508468,,,pageview,dv360,05/10/2023 12:21:08,2023-10-05
1d787d07-665,1698210753,,,pageview,google,25/10/2023 05:12:33,2023-10-25
fef2ed71-837,1697792423,,,pageview,google,20/10/2023 09:00:23,2023-10-20
37971f1b-79b,1696191401,,,pageview,google,01/10/2023 20:16:41,2023-10-01
460dc190-b59,1696174917,,,pageview,facebook,01/10/2023 15:41:57,2023-10-01
75b946f0-801,1698644072,"497,36",b4af32e1-f5bd-4b,compra,dv360,30/10/2023 05:34:32,2023-10-30
e154ed89-c4c,1696228136,,,pageview,facebook,02/10/2023 06:28:56,2023-10-02
875395d2-aaa,1696299917,,,pageview,google,03/10/2023 02:25:17,2023-10-03
dfb163d8-2f2,1696875625,,,pageview,dv360,09/10/2023 18:20:25,2023-10-09
3d0770c1-151,1697605707,"279,91",4ccfbc69-5239-48,compra,facebook,18/10/2023 05:08:27,2023-10-18
704ae12c-30b,1697417522,,,pageview,tiktok,16/10/2023 00:52:02,2023-10-16
07380bcb-ad9,1698269776,,,pageview,facebook,25/10/2023 21:36:16,2023-10-25
1a1a9323-c1c,1698381496,"270,55",dbffd728-6ba9-40,compra,facebook,27/10/2023 04:38:16,2023-10-27
5809347a-1d9,1697899301,,,pageview,dv360,21/10/2023 14:41:41,2023-10-21
d8bc7826-630,1696832289,,,pageview,google,09/10/2023 06:18:09,2023-10-09
fd744d2d-a43,1696442864,,,pageview,google,04/10/2023 18:07:44,2023-10-04
59a03256-c70,1696588512,,,pageview,google,06/10/2023 10:35:12,2023-10-06
8bffd872-4ef,1696586086,,,pageview,google,06/10/2023 09:54:46,2023-10-06
09262364-c9a,1697527832,"147,4",c9aad48c-532e-4e,compra,facebook,17/10/2023 07:30:32,2023-10-17
14d3edd3-6fe,1698077399,"155,01",638ae933-3596-4b,compra,tiktok,23/10/2023 16:09:59,2023-10-23
263050b7-472,1697715339,"55,83",a4638157-40ec-4a,compra,facebook,19/10/2023 11:35:39,2023-10-19
1aca5400-da7,1698215480,"57,66",cf5cf48b-12f9-47,compra,dv360,25/10/2023 06:31:20,2023-10-25
a2efd1e9-176,1697028472,"194,64",981d107f-d3a8-4e,compra,google,11/10/2023 12:47:52,2023-10-11
2c0cf5f1-fa0,1697391949,,,pageview,dv360,15/10/2023 17:45:49,2023-10-15
1f2509a2-2df,1697057306,,,pageview,dv360,11/10/2023 20:48:26,2023-10-11
74dfb04c-f42,1697890104,,,pageview,google,21/10/2023 12:08:24,2023-10-21
4dbb921b-614,1696742602,,,pageview,tiktok,08/10/2023 05:23:22,2023-10-08
8a2698c5-b8e,1697165866,,,pageview,facebook,13/10/2023 02:57:46,2023-10-13
e1d8b989-df1,1696360351,,,pageview,facebook,03/10/2023 19:12:31,2023-10-03
dd5a0506-d31,1697314507,,,pageview,dv360,14/10/2023 20:15:07,2023-10-14
49d5a370-beb,1697249574,,,pageview,tiktok,14/10/2023 02:12:54,2023-10-14
385167ef-3cb,1696366962,,,pageview,google,03/10/2023 21:02:42,2023-10-03
7886565c-d81,1698140525,,,pageview,facebook,24/10/2023 09:42:05,2023-10-24
fc98f341-6e5,1697900380,"266,21",909ee9b6-47ce-4c,compra,google,21/10/2023 14:59:40,2023-10-21
c3ae0778-e53,1697862170,,,pageview,google,21/10/2023 04:22:50,2023-10-21
a8d65097-d3f,1696490745,,,pageview,facebook,05/10/2023 07:25:45,2023-10-05
7375e381-d25,1697955143,,,pageview,facebook,22/10/2023 06:12:23,2023-10-22
7b399ad6-37a,1696846062,,,pageview,tiktok,09/10/2023 10:07:42,2023-10-09
a3e5584c-ae9,1697568661,"44,62",ae826f93-9b8c-48,compra,facebook,17/10/2023 18:51:01,2023-10-17
c3e92978-5dc,1698465650,,,pageview,facebook,28/10/2023 04:00:50,2023-10-28
298743f2-3c0,1696569884,,,pageview,google,06/10/2023 05:24:44,2023-10-06
bcf1232b-a6c,1696230350,,,pageview,facebook,02/10/2023 07:05:50,2023-10-02
3217a7db-4a9,1696970049,"380,77",49deb6cf-103f-42,compra,dv360,10/10/2023 20:34:09,2023-10-10
e54be6a0-23a,1696335110,,,pageview,dv360,03/10/2023 12:11:50,2023-10-03
d5d570d9-186,1698364960,,,pageview,google,27/10/2023 00:02:40,2023-10-27
765f9b41-37f,1696929047,,,pageview,tiktok,10/10/2023 09:10:47,2023-10-10
2a923e24-d24,1698029328,,,pageview,facebook,23/10/2023 02:48:48,2023-10-23
a61c0f96-5b1,1697821671,,,pageview,tiktok,20/10/2023 17:07:51,2023-10-20
c9bbcb77-69a,1697865334,,,pageview,dv360,21/10/2023 05:15:34,2023-10-21
7b9fa235-39e,1696682550,,,pageview,facebook,07/10/2023 12:42:30,2023-10-07
a4fd925e-6bb,1698370465,"360,21",c07995ff-ce8a-47,compra,facebook,27/10/2023 01:34:25,2023-10-27
6e54dc68-922,1697539745,,,pageview,google,17/10/2023 10:49:05,2023-10-17
ec6fc29b-37b,1697144781,380,1ad583da-f0cd-4e,compra,google,12/10/2023 21:06:21,2023-10-12
87c22de4-9de,1696863726,,,pageview,facebook,09/10/2023 15:02:06,2023-10-09
18677f39-cc6,1696399979,"229,89",d95170f2-b5c5-45,compra,tiktok,04/10/2023 06:12:59,2023-10-04
6edad9ef-0f3,1696187497,,,pageview,facebook,01/10/2023 19:11:37,2023-10-01
9d417526-744,1696989326,"284,81",a55f33c3-37bf-45,compra,facebook,11/10/2023 01:55:26,2023-10-11
04fac8f7-bae,1696239893,,,pageview,google,02/10/2023 09:44:53,2023-10-02
acc68b9a-52e,1697611715,,,pageview,tiktok,18/10/2023 06:48:35,2023-10-18
6e7e79d8-9fd,1697949268,,,pageview,tiktok,22/10/2023 04:34:28,2023-10-22
fc8b7697-415,1698073195,,,pageview,tiktok,23/10/2023 14:59:55,2023-10-23
20272c74-880,1697585092,,,pageview,facebook,17/10/2023 23:24:52,2023-10-17
f6dcb6ef-a1a,1696834975,"468,7",9f319b59-8611-4a,compra,google,09/10/2023 07:02:55,2023-10-09
b37accb0-2c5,1696785734,,,pageview,facebook,08/10/2023 17:22:14,2023-10-08
02896a49-664,1697961875,"46,53",4d624cf9-656f-47,compra,tiktok,22/10/2023 08:04:35,2023-10-22
f0d06076-d2c,1698130192,"272,84",1459606b-8e12-42,compra,dv360,24/10/2023 06:49:52,2023-10-24
1a4a2681-a70,1698155753,"37,55",8dd43efc-7452-42,compra,google,24/10/2023 13:55:53,2023-10-24
f846fc40-23c,1697514111,,,pageview,tiktok,17/10/2023 03:41:51,2023-10-17
57099b70-0d5,1696722899,"413,51",67b955a7-b54e-44,compra,dv360,07/10/2023 23:54:59,2023-10-07
35433afc-ce9,1697637168,,,pageview,facebook,18/10/2023 13:52:48,2023-10-18
e1f7dbe5-1a5,1698523014,,,pageview,google,28/10/2023 19:56:54,2023-10-28
43bc1db3-f91,1698031924,"499,49",7ceef2a0-cbd2-4e,compra,facebook,23/10/2023 03:32:04,2023-10-23
740fb26d-bc9,1696274353,,,pageview,facebook,02/10/2023 19:19:13,2023-10-02
6f4e174e-454,1697849277,"38,37",ade4fb68-e7ee-44,compra,dv360,21/10/2023 00:47:57,2023-10-21
ce88d44f-33e,1696119524,,,pageview,dv360,01/10/2023 00:18:44,2023-10-01
4dd8da4d-c56,1697204295,,,pageview,google,13/10/2023 13:38:15,2023-10-13
c77c7f64-fab,1697100041,,,pageview,dv360,12/10/2023 08:40:41,2023-10-12
81cccc10-db3,1697988096,,,pageview,facebook,22/10/2023 15:21:36,2023-10-22
e39a1ddd-ab8,1696286300,,,pageview,tiktok,02/10/2023 22:38:20,2023-10-02
50f67b3a-dac,1697922203,"126,61",c3897ecb-1691-40,compra,tiktok,21/10/2023 21:03:23,2023-10-21
3efebf70-60f,1697472428,,,pageview,google,16/10/2023 16:07:08,2023-10-16
654464c4-2ba,1697063969,"95,63",3cbfd589-62ee-4a,compra,dv360,11/10/2023 22:39:29,2023-10-11
967e5ef0-5b7,1698583977,,,pageview,google,29/10/2023 12:52:57,2023-10-29
6efd5334-a6c,1697345708,,,pageview,google,15/10/2023 04:55:08,2023-10-15
77a4ba4f-5b0,1698114090,,,pageview,facebook,24/10/2023 02:21:30,2023-10-24
10f66a86-4ea,1698198166,,,pageview,facebook,25/10/2023 01:42:46,2023-10-25
74dfac7a-d72,1696434397,,,pageview,facebook,04/10/2023 15:46:37,2023-10-04
be4f6f79-e6a,1697807784,"56,91",6431bf2b-5dea-43,compra,google,20/10/2023 13:16:24,2023-10-20
28f87061-645,1696849140,,,pageview,google,09/10/2023 10:59:00,2023-10-09
4a83b2a1-864,1696491112,,,pageview,tiktok,05/10/2023 07:31:52,2023-10-05
91852424-10f,1697948010,,,pageview,dv360,22/10/2023 04:13:30,2023-10-22
31699568-929,1697239070,,,pageview,google,13/10/2023 23:17:50,2023-10-13
91991cf6-99b,1698627041,,,pageview,google,30/10/2023 00:50:41,2023-10-30
e4bac3e5-5d4,1697389856,,,pageview,google,15/10/2023 17:10:56,2023-10-15
2e13c76c-d2b,1698357173,"146,7",1ea243c8-b20d-4b,compra,facebook,26/10/2023 21:52:53,2023-10-26
2e923d54-b50,1697869812,,,pageview,tiktok,21/10/2023 06:30:12,2023-10-21
05f41c72-8ca,1698324853,"216,06",5ee323e4-22b6-47,compra,dv360,26/10/2023 12:54:13,2023-10-26
131e015b-e19,1696925045,,,pageview,facebook,10/10/2023 08:04:05,2023-10-10
e14538cc-a29,1698341812,,,pageview,tiktok,26/10/2023 17:36:52,2023-10-26
f52ccfad-765,1698274330,,,pageview,google,25/10/2023 22:52:10,2023-10-25
ee15b1ec-878,1697258828,"226,99",b1176ccc-290c-43,compra,google,14/10/2023 04:47:08,2023-10-14
67e39893-a57,1697051929,,,pageview,facebook,11/10/2023 19:18:49,2023-10-11
4acb6a7d-971,1698270628,,,pageview,google,25/10/2023 21:50:28,2023-10-25
e45f6bc1-c8e,1698388925,,,pageview,tiktok,27/10/2023 06:42:05,2023-10-27
583c9920-609,1697502709,"297,38",3cf44bfd-be81-46,compra,facebook,17/10/2023 00:31:49,2023-10-17
3b8acb01-91b,1696426304,,,pageview,google,04/10/2023 13:31:44,2023-10-04
d692921f-b6c,1696433725,,,pageview,facebook,04/10/2023 15:35:25,2023-10-04
479c1b6b-3a0,1697645178,"197,42",da52809a-cb26-4d,compra,facebook,18/10/2023 16:06:18,2023-10-18
0bc2d02a-267,1698493526,,,pageview,dv360,28/10/2023 11:45:26,2023-10-28
ead49b70-776,1697444005,,,pageview,tiktok,16/10/2023 08:13:25,2023-10-16
20ea995f-39a,1697867538,,,pageview,facebook,21/10/2023 05:52:18,2023-10-21
448f832e-663,1698160768,,,pageview,dv360,24/10/2023 15:19:28,2023-10-24
d1b4ab46-f0d,1696882590,,,pageview,facebook,09/10/2023 20:16:30,2023-10-09
19767170-fc9,1696255264,,,pageview,dv360,02/10/2023 14:01:04,2023-10-02
2b3a27b8-c1c,1698459829,,,pageview,facebook,28/10/2023 02:23:49,2023-10-28